EventId,EventTemplate,Occurrences
0,"<*> <*> <*> HTTP/1.1"" status: 200 len: <*> time: <*>",1791
1,[instance: 3edec1e4-9678-4a3a-a21b-a145a4ee5e61] Creating image,1
2,[instance: <*> VM <*> (Lifecycle Event),985
3,"While synchronizing instance power states, found 1 instances in the database and 0 instances on the hypervisor.",4
4,[instance: 3edec1e4-9678-4a3a-a21b-a145a4ee5e61] <*> <*> <*> instance <*>,6
5,image 0673dd71-34c5-4fbb-86c4-40623fbe45b4 at (/var/lib/nova/instances/_base/a489c868f0c37da93b76227c91bb03908ac0e742): checking,766
6,"image 0673dd71-34c5-4fbb-86c4-40623fbe45b4 at (/var/lib/nova/instances/_base/a489c868f0c37da93b76227c91bb03908ac0e742): in use: on this node 1 local, 0 on other nodes sharing this instance storage",766
7,<*> base <*> /var/lib/nova/instances/_base/a489c868f0c37da93b76227c91bb03908ac0e742,1502
8,Creating event <*> for instance <*>,196
9,[instance: 3edec1e4-9678-4a3a-a21b-a145a4ee5e61] Instance <*> successfully.,2
10,[instance: 3edec1e4-9678-4a3a-a21b-a145a4ee5e61] Took <*> seconds to <*>,3
11,"10.11.10.1 <*> <*> HTTP/1.1"" status: <*> len: <*> time: <*>",7452
12,"<*> ""GET /openstack/2013-10-17/user_data HTTP/1.1"" status: 404 len: 176 time: <*>",173
13,[instance: 3edec1e4-9678-4a3a-a21b-a145a4ee5e61] Deletion of /var/lib/nova/instances/3edec1e4-9678-4a3a-a21b-a145a4ee5e61_del complete,1
14,HTTP exception thrown: No instances found for any event,196
15,"[instance: <*> Attempting claim: memory 2048 MB, disk 20 GB, vcpus 1 CPU",196
16,[instance: 3416d0fa-6f0f-41ce-9c0a-59ae9a735da8] <*>,8
17,"[instance: <*> memory limit: 96258.00 MB, free: 95746.00 MB",196
18,[instance: 3416d0fa-6f0f-41ce-9c0a-59ae9a735da8] Total <*> <*> <*> used: 0.00 <*>,2
19,"[instance: <*> <*> limit not specified, defaulting to unlimited",392
20,Auditing locally available compute resources for node cp-1.slowvm1.tcloud-pg0.utah.cloudlab.us,135
21,"Total usable vcpus: 16, total allocated vcpus: <*>",135
22,Final resource view: name=cp-1.slowvm1.tcloud-pg0.utah.cloudlab.us phys_ram=64172MB <*> phys_disk=15GB <*> total_vcpus=16 <*> pci_stats=[],135
23,Compute_service record updated for cp-1.slowvm1.tcloud-pg0.utah.cloudlab.us:cp-1.slowvm1.tcloud-pg0.utah.cloudlab.us,135
24,[instance: <*> During sync_power_state the instance has a pending task (spawning). Skip.,384
25,[instance: 3416d0fa-6f0f-41ce-9c0a-59ae9a735da8] Took <*> seconds to <*>,4
26,[instance: 874ffb7b-49b3-4c6d-a2e9-35bf272650b1] <*>,8
27,[instance: 874ffb7b-49b3-4c6d-a2e9-35bf272650b1] Total <*> <*> <*> used: 0.00 <*>,2
28,[instance: 874ffb7b-49b3-4c6d-a2e9-35bf272650b1] Took <*> seconds to <*>,4
29,Successfully synced instances from host 'cp-1.slowvm1.tcloud-pg0.utah.cloudlab.us'.,38
30,[instance: 748f18b4-88e3-4b60-822a-f2b25fac50b2] <*>,8
31,[instance: 748f18b4-88e3-4b60-822a-f2b25fac50b2] Total <*> <*> <*> used: 0.00 <*>,2
32,[instance: 748f18b4-88e3-4b60-822a-f2b25fac50b2] Took <*> seconds to <*>,4
33,[instance: 20ae04a8-169b-43fc-87cc-52cdf2fa77d3] <*>,8
34,[instance: 20ae04a8-169b-43fc-87cc-52cdf2fa77d3] Total <*> <*> <*> used: 0.00 <*>,2
35,[instance: 20ae04a8-169b-43fc-87cc-52cdf2fa77d3] Took <*> seconds to <*>,4
36,[instance: e15ce82b-f229-4c22-9fc3-8d30dd349cf6] <*>,8
37,[instance: e15ce82b-f229-4c22-9fc3-8d30dd349cf6] Total <*> <*> <*> used: 0.00 <*>,2
38,The instance sync for host 'cp-1.slowvm1.tcloud-pg0.utah.cloudlab.us' did not match. Re-created its InstanceList.,29
39,[instance: e15ce82b-f229-4c22-9fc3-8d30dd349cf6] Took <*> seconds to <*>,4
40,[instance: 3475e6b6-0bc7-4218-84e2-e17ba43e6e0d] <*>,8
41,[instance: 3475e6b6-0bc7-4218-84e2-e17ba43e6e0d] Total <*> <*> <*> used: 0.00 <*>,2
42,[instance: 3475e6b6-0bc7-4218-84e2-e17ba43e6e0d] Took <*> seconds to <*>,4
43,[instance: 2e8c8c4a-823f-4d79-bb72-996b528cbca4] <*>,8
44,[instance: 2e8c8c4a-823f-4d79-bb72-996b528cbca4] Total <*> <*> <*> used: 0.00 <*>,2
45,[instance: 2e8c8c4a-823f-4d79-bb72-996b528cbca4] Took <*> seconds to <*>,4
46,[instance: 5683e2e2-d5e0-48b8-9f30-a2216254e851] <*>,8
47,[instance: 5683e2e2-d5e0-48b8-9f30-a2216254e851] Total <*> <*> <*> used: 0.00 <*>,2
48,[instance: 5683e2e2-d5e0-48b8-9f30-a2216254e851] Took <*> seconds to <*>,4
49,[instance: 53a49cc8-0870-47f1-a33c-8bdb40a4a5fa] <*>,8
50,[instance: 53a49cc8-0870-47f1-a33c-8bdb40a4a5fa] Total <*> <*> <*> used: 0.00 <*>,2
51,[instance: 53a49cc8-0870-47f1-a33c-8bdb40a4a5fa] Took <*> seconds to <*>,4
52,Base or swap file too young to remove: /var/lib/nova/instances/_base/a489c868f0c37da93b76227c91bb03908ac0e742,74
53,[instance: ff591e5e-e6f2-4a41-84c4-99d889344f20] <*>,8
54,[instance: ff591e5e-e6f2-4a41-84c4-99d889344f20] Total <*> <*> <*> used: 0.00 <*>,2
55,[instance: ff591e5e-e6f2-4a41-84c4-99d889344f20] Took <*> seconds to <*>,4
56,[instance: 5f70629e-2759-4e41-b89d-25a1f4d16399] <*>,8
57,[instance: 5f70629e-2759-4e41-b89d-25a1f4d16399] Total <*> <*> <*> used: 0.00 <*>,2
58,[instance: 5f70629e-2759-4e41-b89d-25a1f4d16399] Took <*> seconds to <*>,4
59,[instance: 4e05e0e0-9ec3-4beb-a6f4-4e071884ec98] <*>,8
60,[instance: 4e05e0e0-9ec3-4beb-a6f4-4e071884ec98] Total <*> <*> <*> used: 0.00 <*>,2
61,[instance: 4e05e0e0-9ec3-4beb-a6f4-4e071884ec98] Took <*> seconds to <*>,4
62,[instance: df31d190-68af-4d8c-92d7-78034acae031] <*>,8
63,[instance: df31d190-68af-4d8c-92d7-78034acae031] Total <*> <*> <*> used: 0.00 <*>,2
64,[instance: df31d190-68af-4d8c-92d7-78034acae031] Took <*> seconds to <*>,4
65,[instance: 993aa6ff-b8e2-4966-a785-4e5f0fe28ce9] <*>,8
66,[instance: 993aa6ff-b8e2-4966-a785-4e5f0fe28ce9] Total <*> <*> <*> used: 0.00 <*>,2
67,[instance: 993aa6ff-b8e2-4966-a785-4e5f0fe28ce9] Took <*> seconds to <*>,4
68,[instance: af9d460c-89bf-4b71-b362-0b10adc2ff37] <*>,8
69,[instance: af9d460c-89bf-4b71-b362-0b10adc2ff37] Total <*> <*> <*> used: 0.00 <*>,2
70,[instance: af9d460c-89bf-4b71-b362-0b10adc2ff37] Took <*> seconds to <*>,4
71,[instance: f14b2b2f-4cc2-450a-8314-ab3b6f6f30a0] <*>,8
72,[instance: f14b2b2f-4cc2-450a-8314-ab3b6f6f30a0] Total <*> <*> <*> used: 0.00 <*>,2
73,[instance: f14b2b2f-4cc2-450a-8314-ab3b6f6f30a0] Took <*> seconds to <*>,4
74,[instance: b93203d4-c79b-41fe-8090-5f2b89b0d081] <*>,8
75,[instance: b93203d4-c79b-41fe-8090-5f2b89b0d081] Total <*> <*> <*> used: 0.00 <*>,2
76,"couldn't obtain the vcpu count from domain id: b93203d4-c79b-41fe-8090-5f2b89b0d081, exception: Requested operation is not valid: cpu affinity is not supported",1
77,[instance: b93203d4-c79b-41fe-8090-5f2b89b0d081] Took <*> seconds to <*>,4
78,[instance: a642a091-0eba-48db-b4aa-51f1453995d1] <*>,8
79,[instance: a642a091-0eba-48db-b4aa-51f1453995d1] Total <*> <*> <*> used: 0.00 <*>,2
80,[instance: a642a091-0eba-48db-b4aa-51f1453995d1] Took <*> seconds to <*>,4
81,[instance: d3c2c16b-f0f8-4a6c-80e9-7d293ebe4f68] <*>,8
82,[instance: d3c2c16b-f0f8-4a6c-80e9-7d293ebe4f68] Total <*> <*> <*> used: 0.00 <*>,2
83,[instance: d3c2c16b-f0f8-4a6c-80e9-7d293ebe4f68] Took <*> seconds to <*>,4
84,[instance: 8233d344-744a-47b0-84ba-b768fed29b35] <*>,8
85,[instance: 8233d344-744a-47b0-84ba-b768fed29b35] Total <*> <*> <*> used: 0.00 <*>,2
86,[instance: 8233d344-744a-47b0-84ba-b768fed29b35] Took <*> seconds to <*>,4
87,[instance: 45508f66-530a-4ee4-ab8b-ea6677246cb5] <*>,8
88,[instance: 45508f66-530a-4ee4-ab8b-ea6677246cb5] Total <*> <*> <*> used: 0.00 <*>,2
89,[instance: 45508f66-530a-4ee4-ab8b-ea6677246cb5] Took <*> seconds to <*>,4
90,[instance: 969dbe7f-36a6-422b-988b-31f9e0ccd93d] <*>,8
91,[instance: 969dbe7f-36a6-422b-988b-31f9e0ccd93d] Total <*> <*> <*> used: 0.00 <*>,2
92,[instance: 969dbe7f-36a6-422b-988b-31f9e0ccd93d] Took <*> seconds to <*>,4
93,[instance: cdd59e0a-ebc8-42d0-a603-98f17f713ed7] <*>,8
94,[instance: cdd59e0a-ebc8-42d0-a603-98f17f713ed7] Total <*> <*> <*> used: 0.00 <*>,2
95,[instance: cdd59e0a-ebc8-42d0-a603-98f17f713ed7] Took <*> seconds to <*>,4
96,[instance: f6a24803-281d-49f6-8c29-c14e71fd0650] <*>,8
97,[instance: f6a24803-281d-49f6-8c29-c14e71fd0650] Total <*> <*> <*> used: 0.00 <*>,2
98,[instance: f6a24803-281d-49f6-8c29-c14e71fd0650] Took <*> seconds to <*>,4
99,[instance: 636b44eb-4c54-4438-90a6-68a156f33b6d] <*>,8
100,[instance: 636b44eb-4c54-4438-90a6-68a156f33b6d] Total <*> <*> <*> used: 0.00 <*>,2
101,[instance: 636b44eb-4c54-4438-90a6-68a156f33b6d] Took <*> seconds to <*>,4
102,[instance: 4ed2be21-dd2b-4d7f-aaab-6461150f9907] <*>,8
103,[instance: 4ed2be21-dd2b-4d7f-aaab-6461150f9907] Total <*> <*> <*> used: 0.00 <*>,2
104,[instance: 4ed2be21-dd2b-4d7f-aaab-6461150f9907] Took <*> seconds to <*>,4
105,[instance: fac7db77-5f4b-46dd-b3ad-6f54fd90a6cf] <*>,8
106,[instance: fac7db77-5f4b-46dd-b3ad-6f54fd90a6cf] Total <*> <*> <*> used: 0.00 <*>,2
107,[instance: fac7db77-5f4b-46dd-b3ad-6f54fd90a6cf] Took <*> seconds to <*>,4
108,[instance: 2d33540d-2191-4695-9d6a-aa745ef9a1a9] <*>,8
109,[instance: 2d33540d-2191-4695-9d6a-aa745ef9a1a9] Total <*> <*> <*> used: 0.00 <*>,2
110,[instance: 2d33540d-2191-4695-9d6a-aa745ef9a1a9] Took <*> seconds to <*>,4
111,[instance: 4d59535f-5fef-48ed-a2fe-557fea4e22b0] <*>,8
112,[instance: 4d59535f-5fef-48ed-a2fe-557fea4e22b0] Total <*> <*> <*> used: 0.00 <*>,2
113,[instance: 4d59535f-5fef-48ed-a2fe-557fea4e22b0] Took <*> seconds to <*>,4
114,[instance: df20656c-8ea7-4f5c-949d-23e71f5f06bd] <*>,8
115,[instance: df20656c-8ea7-4f5c-949d-23e71f5f06bd] Total <*> <*> <*> used: 0.00 <*>,2
116,Running instance usage audit for host cp-1.slowvm1.tcloud-pg0.utah.cloudlab.us from 2017-05-15 <*> to 2017-05-15 <*> <*> instances.,2
117,[instance: df20656c-8ea7-4f5c-949d-23e71f5f06bd] Took <*> seconds to <*>,4
118,[instance: 56bbbaa6-d1d1-4243-bca0-be9371daceed] <*>,8
119,[instance: 56bbbaa6-d1d1-4243-bca0-be9371daceed] Total <*> <*> <*> used: 0.00 <*>,2
120,[instance: 56bbbaa6-d1d1-4243-bca0-be9371daceed] Took <*> seconds to <*>,4
121,[instance: b043f927-338a-4816-bfe2-84ba3d56ecc3] <*>,8
122,[instance: b043f927-338a-4816-bfe2-84ba3d56ecc3] Total <*> <*> <*> used: 0.00 <*>,2
123,[instance: b043f927-338a-4816-bfe2-84ba3d56ecc3] Took <*> seconds to <*>,4
124,[instance: e1ca809f-1e8e-41d6-a515-a153b9773d3e] <*>,8
125,[instance: e1ca809f-1e8e-41d6-a515-a153b9773d3e] Total <*> <*> <*> used: 0.00 <*>,2
126,[instance: e1ca809f-1e8e-41d6-a515-a153b9773d3e] Took <*> seconds to <*>,4
127,[instance: 53edb4bd-93dd-4237-8c64-ba8d8f5e3b34] <*>,8
128,[instance: 53edb4bd-93dd-4237-8c64-ba8d8f5e3b34] Total <*> <*> <*> used: 0.00 <*>,2
129,[instance: 53edb4bd-93dd-4237-8c64-ba8d8f5e3b34] Took <*> seconds to <*>,4
130,[instance: d17dcb59-d2df-443d-9acf-bea2de2e96cf] <*>,8
131,[instance: d17dcb59-d2df-443d-9acf-bea2de2e96cf] Total <*> <*> <*> used: 0.00 <*>,2
132,[instance: d17dcb59-d2df-443d-9acf-bea2de2e96cf] Took <*> seconds to <*>,4
133,[instance: 1b403aac-3d6e-49de-aacf-4548fb97f58d] <*>,8
134,[instance: 1b403aac-3d6e-49de-aacf-4548fb97f58d] Total <*> <*> <*> used: 0.00 <*>,2
135,[instance: 1b403aac-3d6e-49de-aacf-4548fb97f58d] Took <*> seconds to <*>,4
136,[instance: 1d53a142-ce58-4cb2-be87-8d46966e5f99] <*>,8
137,[instance: 1d53a142-ce58-4cb2-be87-8d46966e5f99] Total <*> <*> <*> used: 0.00 <*>,2
138,[instance: 1d53a142-ce58-4cb2-be87-8d46966e5f99] Took <*> seconds to <*>,4
139,[instance: 1aae3f11-e850-4550-9e8e-740db282d538] <*>,8
140,[instance: 1aae3f11-e850-4550-9e8e-740db282d538] Total <*> <*> <*> used: 0.00 <*>,2
141,[instance: 1aae3f11-e850-4550-9e8e-740db282d538] Took <*> seconds to <*>,4
142,[instance: 45d54c78-36c7-4a4b-b402-3daa54d446b1] <*>,8
143,[instance: 45d54c78-36c7-4a4b-b402-3daa54d446b1] Total <*> <*> <*> used: 0.00 <*>,2
144,[instance: 45d54c78-36c7-4a4b-b402-3daa54d446b1] Took <*> seconds to <*>,4
145,[instance: fc1e0afa-e01f-4892-85f5-83742a69a416] <*>,8
146,[instance: fc1e0afa-e01f-4892-85f5-83742a69a416] Total <*> <*> <*> used: 0.00 <*>,2
147,[instance: fc1e0afa-e01f-4892-85f5-83742a69a416] Took <*> seconds to <*>,4
148,[instance: aa70b8f3-122f-49f9-9d88-efcdbbd1a9d2] <*>,8
149,[instance: aa70b8f3-122f-49f9-9d88-efcdbbd1a9d2] Total <*> <*> <*> used: 0.00 <*>,2
150,[instance: aa70b8f3-122f-49f9-9d88-efcdbbd1a9d2] Took <*> seconds to <*>,4
151,[instance: 4ad93dba-0941-4a90-9eb0-7b51ce5288cd] <*>,8
152,[instance: 4ad93dba-0941-4a90-9eb0-7b51ce5288cd] Total <*> <*> <*> used: 0.00 <*>,2
153,[instance: 4ad93dba-0941-4a90-9eb0-7b51ce5288cd] Took <*> seconds to <*>,4
154,[instance: f96a82ca-483e-437a-adfd-8f9054497337] <*>,8
155,[instance: f96a82ca-483e-437a-adfd-8f9054497337] Total <*> <*> <*> used: 0.00 <*>,2
156,[instance: f96a82ca-483e-437a-adfd-8f9054497337] Took <*> seconds to <*>,4
157,[instance: be0c740e-1556-479b-b78a-8e0e9e71ebd6] <*>,8
158,[instance: be0c740e-1556-479b-b78a-8e0e9e71ebd6] Total <*> <*> <*> used: 0.00 <*>,2
159,[instance: be0c740e-1556-479b-b78a-8e0e9e71ebd6] Took <*> seconds to <*>,4
160,[instance: 7953dc44-3e59-4a77-86a6-333ad03f4efa] <*>,8
161,[instance: 7953dc44-3e59-4a77-86a6-333ad03f4efa] Total <*> <*> <*> used: 0.00 <*>,2
162,[instance: 7953dc44-3e59-4a77-86a6-333ad03f4efa] Took <*> seconds to <*>,4
163,[instance: f6a102cb-e269-4fa8-860f-19a3d13d60f5] <*>,8
164,[instance: f6a102cb-e269-4fa8-860f-19a3d13d60f5] Total <*> <*> <*> used: 0.00 <*>,2
165,[instance: f6a102cb-e269-4fa8-860f-19a3d13d60f5] Took <*> seconds to <*>,4
166,[instance: 942d95b2-843b-4199-9d3d-a68dfeba5780] <*>,8
167,[instance: 942d95b2-843b-4199-9d3d-a68dfeba5780] Total <*> <*> <*> used: 0.00 <*>,2
168,[instance: 942d95b2-843b-4199-9d3d-a68dfeba5780] Took <*> seconds to <*>,4
169,[instance: 39a1204b-e3ea-4544-bffe-c61289a5d039] <*>,8
170,[instance: 39a1204b-e3ea-4544-bffe-c61289a5d039] Total <*> <*> <*> used: 0.00 <*>,2
171,[instance: 39a1204b-e3ea-4544-bffe-c61289a5d039] Took <*> seconds to <*>,4
172,[instance: c2e493b9-a0f5-4a51-8a5e-90a38c78ab05] <*>,8
173,[instance: c2e493b9-a0f5-4a51-8a5e-90a38c78ab05] Total <*> <*> <*> used: 0.00 <*>,2
174,[instance: c2e493b9-a0f5-4a51-8a5e-90a38c78ab05] Took <*> seconds to <*>,4
175,[instance: 165779d5-2169-453e-a112-7ea28fd4ad07] <*>,8
176,[instance: 165779d5-2169-453e-a112-7ea28fd4ad07] Total <*> <*> <*> used: 0.00 <*>,2
177,[instance: 165779d5-2169-453e-a112-7ea28fd4ad07] Took <*> seconds to <*>,4
178,[instance: bbac58ce-003a-4a2b-9558-bc1b9d791fd9] <*>,8
179,[instance: bbac58ce-003a-4a2b-9558-bc1b9d791fd9] Total <*> <*> <*> used: 0.00 <*>,2
180,[instance: bbac58ce-003a-4a2b-9558-bc1b9d791fd9] Took <*> seconds to <*>,4
181,[instance: f71335e9-ba7c-4aaf-a694-5fb8f4b0971c] <*>,8
182,[instance: f71335e9-ba7c-4aaf-a694-5fb8f4b0971c] Total <*> <*> <*> used: 0.00 <*>,2
183,[instance: f71335e9-ba7c-4aaf-a694-5fb8f4b0971c] Took <*> seconds to <*>,4
184,[instance: 8b38fb89-c7eb-4f8d-8f9a-a7b77e80a5df] <*>,8
185,[instance: 8b38fb89-c7eb-4f8d-8f9a-a7b77e80a5df] Total <*> <*> <*> used: 0.00 <*>,2
186,[instance: 8b38fb89-c7eb-4f8d-8f9a-a7b77e80a5df] Took <*> seconds to <*>,4
187,[instance: edf32284-d52c-4326-a2d6-47d829ed6aea] <*>,8
188,[instance: edf32284-d52c-4326-a2d6-47d829ed6aea] Total <*> <*> <*> used: 0.00 <*>,2
189,[instance: edf32284-d52c-4326-a2d6-47d829ed6aea] Took <*> seconds to <*>,4
190,[instance: 62e51fb2-fadc-4d93-8d22-ac63e63fda25] <*>,8
191,[instance: 62e51fb2-fadc-4d93-8d22-ac63e63fda25] Total <*> <*> <*> used: 0.00 <*>,2
192,[instance: 62e51fb2-fadc-4d93-8d22-ac63e63fda25] Took <*> seconds to <*>,4
193,[instance: 74f52824-28d7-4056-8dd4-a102870729ff] <*>,8
194,[instance: 74f52824-28d7-4056-8dd4-a102870729ff] Total <*> <*> <*> used: 0.00 <*>,2
195,[instance: 74f52824-28d7-4056-8dd4-a102870729ff] Took <*> seconds to <*>,4
196,[instance: 4a903015-9dfa-43a8-bcc0-50e78262364c] <*>,8
197,[instance: 4a903015-9dfa-43a8-bcc0-50e78262364c] Total <*> <*> <*> used: 0.00 <*>,2
198,[instance: 4a903015-9dfa-43a8-bcc0-50e78262364c] Took <*> seconds to <*>,4
199,[instance: 823a5c5c-7b22-4377-a7a1-d775040907c4] <*>,8
200,[instance: 823a5c5c-7b22-4377-a7a1-d775040907c4] Total <*> <*> <*> used: 0.00 <*>,2
201,[instance: 823a5c5c-7b22-4377-a7a1-d775040907c4] Took <*> seconds to <*>,4
202,[instance: 13303fd6-9be4-4084-9a14-60b9070a1071] <*>,8
203,[instance: 13303fd6-9be4-4084-9a14-60b9070a1071] Total <*> <*> <*> used: 0.00 <*>,2
204,[instance: 13303fd6-9be4-4084-9a14-60b9070a1071] Took <*> seconds to <*>,4
205,[instance: 1fd3cab1-862e-4bc6-8bde-da536983052f] <*>,8
206,[instance: 1fd3cab1-862e-4bc6-8bde-da536983052f] Total <*> <*> <*> used: 0.00 <*>,2
207,[instance: 1fd3cab1-862e-4bc6-8bde-da536983052f] Took <*> seconds to <*>,4
208,[instance: 678813da-f02c-4aea-9dab-e5687563007b] <*>,8
209,[instance: 678813da-f02c-4aea-9dab-e5687563007b] Total <*> <*> <*> used: 0.00 <*>,2
210,[instance: 678813da-f02c-4aea-9dab-e5687563007b] Took <*> seconds to <*>,4
211,[instance: 99583a33-38df-4206-8b7c-11fef4c01623] <*>,8
212,[instance: 99583a33-38df-4206-8b7c-11fef4c01623] Total <*> <*> <*> used: 0.00 <*>,2
213,[instance: 99583a33-38df-4206-8b7c-11fef4c01623] Took <*> seconds to <*>,4
214,[instance: a6899336-f8ec-44d6-991d-3a825df41e52] <*>,8
215,[instance: a6899336-f8ec-44d6-991d-3a825df41e52] Total <*> <*> <*> used: 0.00 <*>,2
216,[instance: a6899336-f8ec-44d6-991d-3a825df41e52] Took <*> seconds to <*>,4
217,[instance: e5850bd7-ebd5-40b5-b2da-abf6efd934e6] <*>,8
218,[instance: e5850bd7-ebd5-40b5-b2da-abf6efd934e6] Total <*> <*> <*> used: 0.00 <*>,2
219,[instance: e5850bd7-ebd5-40b5-b2da-abf6efd934e6] Took <*> seconds to <*>,4
220,[instance: e83f52e6-747c-4d27-b8f1-c62c8e6eff02] <*>,8
221,[instance: e83f52e6-747c-4d27-b8f1-c62c8e6eff02] Total <*> <*> <*> used: 0.00 <*>,2
222,[instance: e83f52e6-747c-4d27-b8f1-c62c8e6eff02] Took <*> seconds to <*>,4
223,[instance: 6db3c764-0670-4e69-9e2d-3c61d2ef9151] <*>,8
224,[instance: 6db3c764-0670-4e69-9e2d-3c61d2ef9151] Total <*> <*> <*> used: 0.00 <*>,2
225,[instance: 6db3c764-0670-4e69-9e2d-3c61d2ef9151] Took <*> seconds to <*>,4
226,[instance: 579478d1-23e1-4c6e-899a-f789a2c1e59b] <*>,8
227,[instance: 579478d1-23e1-4c6e-899a-f789a2c1e59b] Total <*> <*> <*> used: 0.00 <*>,2
228,[instance: 579478d1-23e1-4c6e-899a-f789a2c1e59b] Took <*> seconds to <*>,4
229,[instance: 4ee2ad9d-ff1a-4e58-a053-9db8efcec0cd] <*>,8
230,[instance: 4ee2ad9d-ff1a-4e58-a053-9db8efcec0cd] Total <*> <*> <*> used: 0.00 <*>,2
231,[instance: 4ee2ad9d-ff1a-4e58-a053-9db8efcec0cd] Took <*> seconds to <*>,4
232,[instance: 2ba39df0-2723-4431-a4c9-b3335298f0be] <*>,8
233,[instance: 2ba39df0-2723-4431-a4c9-b3335298f0be] Total <*> <*> <*> used: 0.00 <*>,2
234,[instance: 2ba39df0-2723-4431-a4c9-b3335298f0be] Took <*> seconds to <*>,4
235,[instance: b0140120-7447-4252-8015-4e14b22f6e8b] <*>,8
236,[instance: b0140120-7447-4252-8015-4e14b22f6e8b] Total <*> <*> <*> used: 0.00 <*>,2
237,[instance: b0140120-7447-4252-8015-4e14b22f6e8b] Took <*> seconds to <*>,4
238,[instance: 381cc41a-c18d-4604-be10-4721a978d62d] <*>,8
239,[instance: 381cc41a-c18d-4604-be10-4721a978d62d] Total <*> <*> <*> used: 0.00 <*>,2
240,[instance: 381cc41a-c18d-4604-be10-4721a978d62d] Took <*> seconds to <*>,4
241,[instance: 983f91b3-13d5-48ca-bca9-6dd146e98de7] <*>,8
242,[instance: 983f91b3-13d5-48ca-bca9-6dd146e98de7] Total <*> <*> <*> used: 0.00 <*>,2
243,[instance: 983f91b3-13d5-48ca-bca9-6dd146e98de7] Took <*> seconds to <*>,4
244,[instance: 293a8abc-b6b2-4c7d-97d4-65ffe15167fe] <*>,8
245,[instance: 293a8abc-b6b2-4c7d-97d4-65ffe15167fe] Total <*> <*> <*> used: 0.00 <*>,2
246,[instance: 293a8abc-b6b2-4c7d-97d4-65ffe15167fe] Took <*> seconds to <*>,4
247,[instance: d6a258a5-9c6a-48cc-b4d7-d40be6738049] <*>,8
248,[instance: d6a258a5-9c6a-48cc-b4d7-d40be6738049] Total <*> <*> <*> used: 0.00 <*>,2
249,[instance: d6a258a5-9c6a-48cc-b4d7-d40be6738049] Took <*> seconds to <*>,4
250,[instance: 0b058ca8-a3b0-444c-bb6e-c8eb1b7a71b7] <*>,8
251,[instance: 0b058ca8-a3b0-444c-bb6e-c8eb1b7a71b7] Total <*> <*> <*> used: 0.00 <*>,2
252,[instance: 0b058ca8-a3b0-444c-bb6e-c8eb1b7a71b7] Took <*> seconds to <*>,4
253,[instance: 43604db1-75f1-45f7-82d1-b93a9be4538a] <*>,8
254,[instance: 43604db1-75f1-45f7-82d1-b93a9be4538a] Total <*> <*> <*> used: 0.00 <*>,2
255,[instance: 43604db1-75f1-45f7-82d1-b93a9be4538a] Took <*> seconds to <*>,4
256,[instance: a6c5e900-d575-4447-a815-3e156c84aa90] <*>,8
257,[instance: a6c5e900-d575-4447-a815-3e156c84aa90] Total <*> <*> <*> used: 0.00 <*>,2
258,[instance: a6c5e900-d575-4447-a815-3e156c84aa90] Took <*> seconds to <*>,4
259,[instance: e9a1c8fd-34e6-4dc3-8a80-cec85ffdf62e] <*>,8
260,[instance: e9a1c8fd-34e6-4dc3-8a80-cec85ffdf62e] Total <*> <*> <*> used: 0.00 <*>,2
261,[instance: e9a1c8fd-34e6-4dc3-8a80-cec85ffdf62e] Took <*> seconds to <*>,4
262,[instance: f3253bb8-9a74-431d-8b5c-317caec23c3a] <*>,8
263,[instance: f3253bb8-9a74-431d-8b5c-317caec23c3a] Total <*> <*> <*> used: 0.00 <*>,2
264,[instance: f3253bb8-9a74-431d-8b5c-317caec23c3a] Took <*> seconds to <*>,4
265,[instance: edbdf46f-f748-42a1-923f-14a30cfe6ffe] <*>,8
266,[instance: edbdf46f-f748-42a1-923f-14a30cfe6ffe] Total <*> <*> <*> used: 0.00 <*>,2
267,[instance: edbdf46f-f748-42a1-923f-14a30cfe6ffe] Took <*> seconds to <*>,4
268,[instance: 97662f78-a904-4fe3-88eb-2f96d2e74fc4] <*>,8
269,[instance: 97662f78-a904-4fe3-88eb-2f96d2e74fc4] Total <*> <*> <*> used: 0.00 <*>,2
270,[instance: 97662f78-a904-4fe3-88eb-2f96d2e74fc4] Took <*> seconds to <*>,4
271,[instance: 11725358-1898-4443-98db-4ee5642f9f9e] <*>,8
272,[instance: 11725358-1898-4443-98db-4ee5642f9f9e] Total <*> <*> <*> used: 0.00 <*>,2
273,[instance: 11725358-1898-4443-98db-4ee5642f9f9e] Took <*> seconds to <*>,4
274,[instance: a1541bc9-921f-40be-b524-3bb60e25abf6] <*>,8
275,[instance: a1541bc9-921f-40be-b524-3bb60e25abf6] Total <*> <*> <*> used: 0.00 <*>,2
276,[instance: a1541bc9-921f-40be-b524-3bb60e25abf6] Took <*> seconds to <*>,4
277,[instance: b3306d6a-02f7-42c2-94d4-21b7e08391ee] <*>,8
278,[instance: b3306d6a-02f7-42c2-94d4-21b7e08391ee] Total <*> <*> <*> used: 0.00 <*>,2
279,[instance: b3306d6a-02f7-42c2-94d4-21b7e08391ee] Took <*> seconds to <*>,4
280,[instance: db03eac2-0e34-406b-82d8-b373515d81f9] <*>,8
281,[instance: db03eac2-0e34-406b-82d8-b373515d81f9] Total <*> <*> <*> used: 0.00 <*>,2
282,[instance: db03eac2-0e34-406b-82d8-b373515d81f9] Took <*> seconds to <*>,4
283,[instance: f7f60458-4e48-4ce1-b3f0-8fcd7f619c0a] <*>,8
284,[instance: f7f60458-4e48-4ce1-b3f0-8fcd7f619c0a] Total <*> <*> <*> used: 0.00 <*>,2
285,[instance: f7f60458-4e48-4ce1-b3f0-8fcd7f619c0a] Took <*> seconds to <*>,4
286,[instance: 67089a83-23da-4a1f-9dfa-b0aaf6ecc80f] <*>,8
287,[instance: 67089a83-23da-4a1f-9dfa-b0aaf6ecc80f] Total <*> <*> <*> used: 0.00 <*>,2
288,[instance: 67089a83-23da-4a1f-9dfa-b0aaf6ecc80f] Took <*> seconds to <*>,4
289,[instance: 8b9da7b6-3469-4443-9fa4-de62b3c2b1d9] <*>,8
290,[instance: 8b9da7b6-3469-4443-9fa4-de62b3c2b1d9] Total <*> <*> <*> used: 0.00 <*>,2
291,[instance: 8b9da7b6-3469-4443-9fa4-de62b3c2b1d9] Took <*> seconds to <*>,4
292,[instance: a6ed3435-01c1-412a-93b6-2e431429c21a] <*>,8
293,[instance: a6ed3435-01c1-412a-93b6-2e431429c21a] Total <*> <*> <*> used: 0.00 <*>,2
294,[instance: a6ed3435-01c1-412a-93b6-2e431429c21a] Took <*> seconds to <*>,4
295,[instance: 21354a9e-a5b1-4412-a444-27374721659b] <*>,8
296,[instance: 21354a9e-a5b1-4412-a444-27374721659b] Total <*> <*> <*> used: 0.00 <*>,2
297,[instance: 21354a9e-a5b1-4412-a444-27374721659b] Took <*> seconds to <*>,4
298,[instance: 299b4572-c29a-45fb-b7df-824666bde03d] <*>,8
299,[instance: 299b4572-c29a-45fb-b7df-824666bde03d] Total <*> <*> <*> used: 0.00 <*>,2
300,[instance: 299b4572-c29a-45fb-b7df-824666bde03d] Took <*> seconds to <*>,4
301,[instance: 63036434-8b9a-4a24-999d-540f51a7b43e] <*>,8
302,[instance: 63036434-8b9a-4a24-999d-540f51a7b43e] Total <*> <*> <*> used: 0.00 <*>,2
303,[instance: 63036434-8b9a-4a24-999d-540f51a7b43e] Took <*> seconds to <*>,4
304,[instance: daf33c72-1589-403d-a5f9-fc685d7a1f72] <*>,8
305,[instance: daf33c72-1589-403d-a5f9-fc685d7a1f72] Total <*> <*> <*> used: 0.00 <*>,2
306,[instance: daf33c72-1589-403d-a5f9-fc685d7a1f72] Took <*> seconds to <*>,4
307,[instance: 0ca7d195-0715-4c5c-a603-04fa1cf2fc83] <*>,8
308,[instance: 0ca7d195-0715-4c5c-a603-04fa1cf2fc83] Total <*> <*> <*> used: 0.00 <*>,2
309,[instance: 0ca7d195-0715-4c5c-a603-04fa1cf2fc83] Took <*> seconds to <*>,4
310,[instance: daaa2970-89ba-4330-8e5b-774c6d636570] <*>,8
311,[instance: daaa2970-89ba-4330-8e5b-774c6d636570] Total <*> <*> <*> used: 0.00 <*>,2
312,[instance: daaa2970-89ba-4330-8e5b-774c6d636570] Took <*> seconds to <*>,4
313,[instance: 05aab6c8-0298-43a3-b439-102d389a632d] <*>,8
314,[instance: 05aab6c8-0298-43a3-b439-102d389a632d] Total <*> <*> <*> used: 0.00 <*>,2
315,[instance: 05aab6c8-0298-43a3-b439-102d389a632d] Took <*> seconds to <*>,4
316,[instance: f03f6011-4901-450a-88d3-425f9398221a] <*>,8
317,[instance: f03f6011-4901-450a-88d3-425f9398221a] Total <*> <*> <*> used: 0.00 <*>,2
318,[instance: f03f6011-4901-450a-88d3-425f9398221a] Took <*> seconds to <*>,4
319,[instance: 44fa8023-5aa1-469d-a533-73da7a35418c] <*>,8
320,[instance: 44fa8023-5aa1-469d-a533-73da7a35418c] Total <*> <*> <*> used: 0.00 <*>,2
321,[instance: 44fa8023-5aa1-469d-a533-73da7a35418c] Took <*> seconds to <*>,4
322,[instance: 8ebf0386-a998-4164-ba52-1cef1209ec15] <*>,8
323,[instance: 8ebf0386-a998-4164-ba52-1cef1209ec15] Total <*> <*> <*> used: 0.00 <*>,2
324,[instance: 8ebf0386-a998-4164-ba52-1cef1209ec15] Took <*> seconds to <*>,4
325,[instance: 9c9c9fd8-bef9-4fb4-835f-6be8ba1d20b9] <*>,8
326,[instance: 9c9c9fd8-bef9-4fb4-835f-6be8ba1d20b9] Total <*> <*> <*> used: 0.00 <*>,2
327,[instance: 9c9c9fd8-bef9-4fb4-835f-6be8ba1d20b9] Took <*> seconds to <*>,4
328,[instance: 46a7d0ed-379a-49c2-abc6-b1c75601bfe9] <*>,8
329,[instance: 46a7d0ed-379a-49c2-abc6-b1c75601bfe9] Total <*> <*> <*> used: 0.00 <*>,2
330,[instance: 46a7d0ed-379a-49c2-abc6-b1c75601bfe9] Took <*> seconds to <*>,4
331,[instance: df35feb8-79e3-4c60-af8e-85bb278e2076] <*>,8
332,[instance: df35feb8-79e3-4c60-af8e-85bb278e2076] Total <*> <*> <*> used: 0.00 <*>,2
333,[instance: df35feb8-79e3-4c60-af8e-85bb278e2076] Took <*> seconds to <*>,4
334,[instance: 664224b3-5fe7-4d94-880a-3b39285b1f90] <*>,8
335,[instance: 664224b3-5fe7-4d94-880a-3b39285b1f90] Total <*> <*> <*> used: 0.00 <*>,2
336,[instance: 664224b3-5fe7-4d94-880a-3b39285b1f90] Took <*> seconds to <*>,4
337,[instance: cf03987c-f2cd-44ce-b877-7151b9929bcd] <*>,8
338,[instance: cf03987c-f2cd-44ce-b877-7151b9929bcd] Total <*> <*> <*> used: 0.00 <*>,2
339,[instance: cf03987c-f2cd-44ce-b877-7151b9929bcd] Took <*> seconds to <*>,4
340,[instance: 09d0f62d-7fe1-4cfa-9fde-41b9e9cd3c23] <*>,8
341,[instance: 09d0f62d-7fe1-4cfa-9fde-41b9e9cd3c23] Total <*> <*> <*> used: 0.00 <*>,2
342,[instance: 09d0f62d-7fe1-4cfa-9fde-41b9e9cd3c23] Took <*> seconds to <*>,4
343,[instance: 0ab0fcd4-1a88-46f1-b007-e0e07b9399a3] <*>,8
344,[instance: 0ab0fcd4-1a88-46f1-b007-e0e07b9399a3] Total <*> <*> <*> used: 0.00 <*>,2
345,[instance: 0ab0fcd4-1a88-46f1-b007-e0e07b9399a3] Took <*> seconds to <*>,4
346,[instance: 4ac5aa23-b924-453a-a0f1-85ce8bd12432] <*>,8
347,[instance: 4ac5aa23-b924-453a-a0f1-85ce8bd12432] Total <*> <*> <*> used: 0.00 <*>,2
348,[instance: 4ac5aa23-b924-453a-a0f1-85ce8bd12432] Took <*> seconds to <*>,4
349,[instance: 04f10ff4-a5fb-4e37-b8cf-c7a6efc242f4] <*>,8
350,[instance: 04f10ff4-a5fb-4e37-b8cf-c7a6efc242f4] Total <*> <*> <*> used: 0.00 <*>,2
351,[instance: 04f10ff4-a5fb-4e37-b8cf-c7a6efc242f4] Took <*> seconds to <*>,4
352,[instance: b3718a37-1a9f-48df-89f7-8c42661ec3a8] <*>,8
353,[instance: b3718a37-1a9f-48df-89f7-8c42661ec3a8] Total <*> <*> <*> used: 0.00 <*>,2
354,[instance: b3718a37-1a9f-48df-89f7-8c42661ec3a8] Took <*> seconds to <*>,4
355,[instance: e128341d-b2c8-4edd-b80f-d1c70b303500] <*>,8
356,[instance: e128341d-b2c8-4edd-b80f-d1c70b303500] Total <*> <*> <*> used: 0.00 <*>,2
357,[instance: e128341d-b2c8-4edd-b80f-d1c70b303500] Took <*> seconds to <*>,4
358,[instance: 7e67a1c0-f296-458e-9e2c-1d96afdf3051] <*>,8
359,[instance: 7e67a1c0-f296-458e-9e2c-1d96afdf3051] Total <*> <*> <*> used: 0.00 <*>,2
360,[instance: 7e67a1c0-f296-458e-9e2c-1d96afdf3051] Took <*> seconds to <*>,4
361,[instance: 4a968ed4-bc85-4ef5-83b2-cba5060bafa5] <*>,8
362,[instance: 4a968ed4-bc85-4ef5-83b2-cba5060bafa5] Total <*> <*> <*> used: 0.00 <*>,2
363,[instance: 4a968ed4-bc85-4ef5-83b2-cba5060bafa5] Took <*> seconds to <*>,4
364,[instance: 7eb500e0-477a-4997-b827-d28ab286cf0c] <*>,8
365,[instance: 7eb500e0-477a-4997-b827-d28ab286cf0c] Total <*> <*> <*> used: 0.00 <*>,2
366,[instance: 7eb500e0-477a-4997-b827-d28ab286cf0c] Took <*> seconds to <*>,4
367,[instance: 04f61cf7-b995-4632-88a7-8b2b56305fb7] <*>,8
368,[instance: 04f61cf7-b995-4632-88a7-8b2b56305fb7] Total <*> <*> <*> used: 0.00 <*>,2
369,[instance: 04f61cf7-b995-4632-88a7-8b2b56305fb7] Took <*> seconds to <*>,4
370,[instance: 9a1d8c51-be5d-4a87-b59b-0be0262ec487] <*>,8
371,[instance: 9a1d8c51-be5d-4a87-b59b-0be0262ec487] Total <*> <*> <*> used: 0.00 <*>,2
372,[instance: 9a1d8c51-be5d-4a87-b59b-0be0262ec487] Took <*> seconds to <*>,4
373,[instance: 04c96eea-5666-4c95-bc33-bebd1c0d2f39] <*>,8
374,[instance: 04c96eea-5666-4c95-bc33-bebd1c0d2f39] Total <*> <*> <*> used: 0.00 <*>,2
375,[instance: 04c96eea-5666-4c95-bc33-bebd1c0d2f39] Took <*> seconds to <*>,4
376,[instance: 611f95d7-dfa2-4587-92a9-203cf70db960] <*>,8
377,[instance: 611f95d7-dfa2-4587-92a9-203cf70db960] Total <*> <*> <*> used: 0.00 <*>,2
378,[instance: 611f95d7-dfa2-4587-92a9-203cf70db960] Took <*> seconds to <*>,4
379,[instance: 14fd1ce7-ad9d-432f-89e2-ca36119aa284] <*>,8
380,[instance: 14fd1ce7-ad9d-432f-89e2-ca36119aa284] Total <*> <*> <*> used: 0.00 <*>,2
381,[instance: 14fd1ce7-ad9d-432f-89e2-ca36119aa284] Took <*> seconds to <*>,4
382,[instance: f0668cd4-e78a-4fa9-9724-094e385c6dbb] <*>,8
383,[instance: f0668cd4-e78a-4fa9-9724-094e385c6dbb] Total <*> <*> <*> used: 0.00 <*>,2
384,[instance: f0668cd4-e78a-4fa9-9724-094e385c6dbb] Took <*> seconds to <*>,4
385,[instance: d10bdaf5-08a2-4dee-8535-86a9fc013c0d] <*>,8
386,[instance: d10bdaf5-08a2-4dee-8535-86a9fc013c0d] Total <*> <*> <*> used: 0.00 <*>,2
387,[instance: d10bdaf5-08a2-4dee-8535-86a9fc013c0d] Took <*> seconds to <*>,4
388,[instance: f15c5e04-169c-4484-8041-c4d4d86a7d2b] <*>,8
389,[instance: f15c5e04-169c-4484-8041-c4d4d86a7d2b] Total <*> <*> <*> used: 0.00 <*>,2
390,[instance: f15c5e04-169c-4484-8041-c4d4d86a7d2b] Took <*> seconds to <*>,4
391,[instance: 58da1c37-c65a-4240-8ad8-9223470084f1] <*>,8
392,[instance: 58da1c37-c65a-4240-8ad8-9223470084f1] Total <*> <*> <*> used: 0.00 <*>,2
393,[instance: 58da1c37-c65a-4240-8ad8-9223470084f1] Took <*> seconds to <*>,4
394,[instance: 9c06017f-fd04-47f4-9c83-7bf35b6d5e9b] <*>,8
395,[instance: 9c06017f-fd04-47f4-9c83-7bf35b6d5e9b] Total <*> <*> <*> used: 0.00 <*>,2
396,[instance: 9c06017f-fd04-47f4-9c83-7bf35b6d5e9b] Took <*> seconds to <*>,4
397,[instance: 322a408a-1634-4800-b3d5-b62e7a9cc2ab] <*>,8
398,[instance: 322a408a-1634-4800-b3d5-b62e7a9cc2ab] Total <*> <*> <*> used: 0.00 <*>,2
399,[instance: 322a408a-1634-4800-b3d5-b62e7a9cc2ab] Took <*> seconds to <*>,4
400,[instance: 2f2fbbd9-db59-48c9-9119-91edfffd04c0] <*>,8
401,[instance: 2f2fbbd9-db59-48c9-9119-91edfffd04c0] Total <*> <*> <*> used: 0.00 <*>,2
402,[instance: 2f2fbbd9-db59-48c9-9119-91edfffd04c0] Took <*> seconds to <*>,4
403,[instance: 95bcbad0-0f31-4cfe-a4cb-c41a24c03d87] <*>,8
404,[instance: 95bcbad0-0f31-4cfe-a4cb-c41a24c03d87] Total <*> <*> <*> used: 0.00 <*>,2
405,[instance: 95bcbad0-0f31-4cfe-a4cb-c41a24c03d87] Took <*> seconds to <*>,4
406,[instance: d7c7b763-9427-47d2-ace3-08035a001514] <*>,8
407,[instance: d7c7b763-9427-47d2-ace3-08035a001514] Total <*> <*> <*> used: 0.00 <*>,2
408,[instance: d7c7b763-9427-47d2-ace3-08035a001514] Took <*> seconds to <*>,4
409,[instance: 544fd51c-4edc-4780-baae-ba1d80a0acfc] <*>,8
410,[instance: 544fd51c-4edc-4780-baae-ba1d80a0acfc] Total <*> <*> <*> used: 0.00 <*>,2
411,[instance: 544fd51c-4edc-4780-baae-ba1d80a0acfc] Took <*> seconds to <*>,4
412,[instance: ae651dff-c7ad-43d6-ac96-bbcd820ccca8] <*>,8
413,[instance: ae651dff-c7ad-43d6-ac96-bbcd820ccca8] Total <*> <*> <*> used: 0.00 <*>,2
414,[instance: ae651dff-c7ad-43d6-ac96-bbcd820ccca8] Took <*> seconds to <*>,4
415,[instance: 90b447c2-73bd-49fd-bf8c-358c7e16db84] <*>,8
416,[instance: 90b447c2-73bd-49fd-bf8c-358c7e16db84] Total <*> <*> <*> used: 0.00 <*>,2
417,[instance: 90b447c2-73bd-49fd-bf8c-358c7e16db84] Took <*> seconds to <*>,4
418,[instance: 56abb95b-c1e8-4e00-a172-31ccd11bbb46] <*>,8
419,[instance: 56abb95b-c1e8-4e00-a172-31ccd11bbb46] Total <*> <*> <*> used: 0.00 <*>,2
420,[instance: 56abb95b-c1e8-4e00-a172-31ccd11bbb46] Took <*> seconds to <*>,4
421,[instance: 620fe77d-bd27-4f1c-af47-0e09596b3fa3] <*>,8
422,[instance: 620fe77d-bd27-4f1c-af47-0e09596b3fa3] Total <*> <*> <*> used: 0.00 <*>,2
423,[instance: 620fe77d-bd27-4f1c-af47-0e09596b3fa3] Took <*> seconds to <*>,4
424,[instance: f49bf478-6840-49bc-9d59-80cb8066e190] <*>,8
425,[instance: f49bf478-6840-49bc-9d59-80cb8066e190] Total <*> <*> <*> used: 0.00 <*>,2
426,[instance: f49bf478-6840-49bc-9d59-80cb8066e190] Took <*> seconds to <*>,4
427,[instance: 3767ce86-aa8a-4339-b38f-e4c3d166a4f9] <*>,8
428,[instance: 3767ce86-aa8a-4339-b38f-e4c3d166a4f9] Total <*> <*> <*> used: 0.00 <*>,2
429,[instance: 3767ce86-aa8a-4339-b38f-e4c3d166a4f9] Took <*> seconds to <*>,4
430,[instance: 9a99a4d5-4276-47ae-be46-04130b669f84] <*>,8
431,[instance: 9a99a4d5-4276-47ae-be46-04130b669f84] Total <*> <*> <*> used: 0.00 <*>,2
432,[instance: 9a99a4d5-4276-47ae-be46-04130b669f84] Took <*> seconds to <*>,4
433,[instance: 8e7e780d-6e6f-4344-96e8-06baf256211d] <*>,8
434,[instance: 8e7e780d-6e6f-4344-96e8-06baf256211d] Total <*> <*> <*> used: 0.00 <*>,2
435,[instance: 8e7e780d-6e6f-4344-96e8-06baf256211d] Took <*> seconds to <*>,4
436,[instance: 96d9b9d1-5b9b-47f4-a693-f752a845c2db] <*>,8
437,[instance: 96d9b9d1-5b9b-47f4-a693-f752a845c2db] Total <*> <*> <*> used: 0.00 <*>,2
438,[instance: 96d9b9d1-5b9b-47f4-a693-f752a845c2db] Took <*> seconds to <*>,4
439,[instance: 5f15892f-b15b-4ad4-9097-05d02f7627a8] <*>,8
440,[instance: 5f15892f-b15b-4ad4-9097-05d02f7627a8] Total <*> <*> <*> used: 0.00 <*>,2
441,[instance: 5f15892f-b15b-4ad4-9097-05d02f7627a8] Took <*> seconds to <*>,4
442,[instance: 41e0459c-4095-4932-9e4a-f5bcaff08d23] <*>,8
443,[instance: 41e0459c-4095-4932-9e4a-f5bcaff08d23] Total <*> <*> <*> used: 0.00 <*>,2
444,[instance: 41e0459c-4095-4932-9e4a-f5bcaff08d23] Took <*> seconds to <*>,4
445,[instance: bdce6493-3038-467b-af24-871c889464dc] <*>,8
446,[instance: bdce6493-3038-467b-af24-871c889464dc] Total <*> <*> <*> used: 0.00 <*>,2
447,[instance: bdce6493-3038-467b-af24-871c889464dc] Took <*> seconds to <*>,4
448,[instance: c26c0da7-5b1f-4b2c-8286-a152d69a449a] <*>,8
449,[instance: c26c0da7-5b1f-4b2c-8286-a152d69a449a] Total <*> <*> <*> used: 0.00 <*>,2
450,[instance: c26c0da7-5b1f-4b2c-8286-a152d69a449a] Took <*> seconds to <*>,4
451,[instance: 657e9e59-0d1a-4043-b413-5f8912e6fecb] <*>,8
452,[instance: 657e9e59-0d1a-4043-b413-5f8912e6fecb] Total <*> <*> <*> used: 0.00 <*>,2
453,[instance: 657e9e59-0d1a-4043-b413-5f8912e6fecb] Took <*> seconds to <*>,4
454,[instance: aa47a63c-6ec2-40ff-a523-ed316c2f59b1] <*>,8
455,[instance: aa47a63c-6ec2-40ff-a523-ed316c2f59b1] Total <*> <*> <*> used: 0.00 <*>,2
456,[instance: aa47a63c-6ec2-40ff-a523-ed316c2f59b1] Took <*> seconds to <*>,4
457,[instance: 7cf01089-eb76-48c5-a272-6ccad4ff738d] <*>,8
458,[instance: 7cf01089-eb76-48c5-a272-6ccad4ff738d] Total <*> <*> <*> used: 0.00 <*>,2
459,[instance: 7cf01089-eb76-48c5-a272-6ccad4ff738d] Took <*> seconds to <*>,4
460,[instance: f8fc6ae0-8f80-40f0-8fda-61240a221847] <*>,8
461,[instance: f8fc6ae0-8f80-40f0-8fda-61240a221847] Total <*> <*> <*> used: 0.00 <*>,2
462,[instance: f8fc6ae0-8f80-40f0-8fda-61240a221847] Took <*> seconds to <*>,4
463,[instance: b7ceef8b-1ee8-480d-92fe-fc6336a421e4] <*>,8
464,[instance: b7ceef8b-1ee8-480d-92fe-fc6336a421e4] Total <*> <*> <*> used: 0.00 <*>,2
465,[instance: b7ceef8b-1ee8-480d-92fe-fc6336a421e4] Took <*> seconds to <*>,4
466,[instance: f7d838e7-64de-430b-9201-1727d4370d0d] <*>,8
467,[instance: f7d838e7-64de-430b-9201-1727d4370d0d] Total <*> <*> <*> used: 0.00 <*>,2
468,[instance: f7d838e7-64de-430b-9201-1727d4370d0d] Took <*> seconds to <*>,4
469,[instance: 48ebb1a4-59bf-4958-a6e8-99cedc1904fb] <*>,8
470,[instance: 48ebb1a4-59bf-4958-a6e8-99cedc1904fb] Total <*> <*> <*> used: 0.00 <*>,2
471,[instance: 48ebb1a4-59bf-4958-a6e8-99cedc1904fb] Took <*> seconds to <*>,4
472,[instance: 500cf780-a46a-416e-b61d-6be88bfe48eb] <*>,8
473,[instance: 500cf780-a46a-416e-b61d-6be88bfe48eb] Total <*> <*> <*> used: 0.00 <*>,2
474,[instance: 500cf780-a46a-416e-b61d-6be88bfe48eb] Took <*> seconds to <*>,4
475,[instance: ce6a597a-f627-437f-bb1f-dfd3170c1634] <*>,8
476,[instance: ce6a597a-f627-437f-bb1f-dfd3170c1634] Total <*> <*> <*> used: 0.00 <*>,2
477,[instance: ce6a597a-f627-437f-bb1f-dfd3170c1634] Took <*> seconds to <*>,4
478,[instance: 6765b529-ee7d-46df-8264-d9a5b306f2eb] <*>,8
479,[instance: 6765b529-ee7d-46df-8264-d9a5b306f2eb] Total <*> <*> <*> used: 0.00 <*>,2
480,[instance: 6765b529-ee7d-46df-8264-d9a5b306f2eb] Took <*> seconds to <*>,4
481,[instance: 32546cbe-eed6-49e5-8f00-52a865a79a1e] <*>,8
482,[instance: 32546cbe-eed6-49e5-8f00-52a865a79a1e] Total <*> <*> <*> used: 0.00 <*>,2
483,[instance: 32546cbe-eed6-49e5-8f00-52a865a79a1e] Took <*> seconds to <*>,4
484,[instance: 67b8547d-ec40-4a9f-a264-5dcb7af6de7e] <*>,8
485,[instance: 67b8547d-ec40-4a9f-a264-5dcb7af6de7e] Total <*> <*> <*> used: 0.00 <*>,2
486,[instance: 67b8547d-ec40-4a9f-a264-5dcb7af6de7e] Took <*> seconds to <*>,4
487,[instance: 20edf3a0-83c4-4769-8266-03fce86b4df0] <*>,8
488,[instance: 20edf3a0-83c4-4769-8266-03fce86b4df0] Total <*> <*> <*> used: 0.00 <*>,2
489,[instance: 20edf3a0-83c4-4769-8266-03fce86b4df0] Took <*> seconds to <*>,4
490,[instance: 04fbe775-607f-4727-a598-3983b58a5f18] <*>,8
491,[instance: 04fbe775-607f-4727-a598-3983b58a5f18] Total <*> <*> <*> used: 0.00 <*>,2
492,[instance: 04fbe775-607f-4727-a598-3983b58a5f18] Took <*> seconds to <*>,4
493,[instance: 112d1263-e418-471a-ae30-75c310d3b844] <*>,8
494,[instance: 112d1263-e418-471a-ae30-75c310d3b844] Total <*> <*> <*> used: 0.00 <*>,2
495,[instance: 112d1263-e418-471a-ae30-75c310d3b844] Took <*> seconds to <*>,4
496,[instance: 02035442-2009-4937-8942-ffb4ffd2d8ac] <*>,8
497,[instance: 02035442-2009-4937-8942-ffb4ffd2d8ac] Total <*> <*> <*> used: 0.00 <*>,2
498,[instance: 02035442-2009-4937-8942-ffb4ffd2d8ac] Took <*> seconds to <*>,4
499,[instance: b7e1f95e-76ca-47ef-9167-029a982e8afb] <*>,8
500,[instance: b7e1f95e-76ca-47ef-9167-029a982e8afb] Total <*> <*> <*> used: 0.00 <*>,2
501,[instance: b7e1f95e-76ca-47ef-9167-029a982e8afb] Took <*> seconds to <*>,4
502,[instance: 25415e12-e0a9-4ee1-b5d2-0e6f0165b4f2] <*>,8
503,[instance: 25415e12-e0a9-4ee1-b5d2-0e6f0165b4f2] Total <*> <*> <*> used: 0.00 <*>,2
504,[instance: 25415e12-e0a9-4ee1-b5d2-0e6f0165b4f2] Took <*> seconds to <*>,4
505,[instance: f8fc0d46-61e8-46d6-aac1-14b90d0db6ea] <*>,8
506,[instance: f8fc0d46-61e8-46d6-aac1-14b90d0db6ea] Total <*> <*> <*> used: 0.00 <*>,2
507,[instance: f8fc0d46-61e8-46d6-aac1-14b90d0db6ea] Took <*> seconds to <*>,4
508,[instance: 0ec63168-2016-4294-ab6d-4100b6a848aa] <*>,8
509,[instance: 0ec63168-2016-4294-ab6d-4100b6a848aa] Total <*> <*> <*> used: 0.00 <*>,2
510,[instance: 0ec63168-2016-4294-ab6d-4100b6a848aa] Took <*> seconds to <*>,4
511,[instance: be67189c-fcdd-4b01-a8d0-68a0652dc0cc] <*>,8
512,[instance: be67189c-fcdd-4b01-a8d0-68a0652dc0cc] Total <*> <*> <*> used: 0.00 <*>,2
513,[instance: be67189c-fcdd-4b01-a8d0-68a0652dc0cc] Took <*> seconds to <*>,4
514,[instance: 5043956c-a09d-4431-8391-452ec5582ee0] <*>,8
515,[instance: 5043956c-a09d-4431-8391-452ec5582ee0] Total <*> <*> <*> used: 0.00 <*>,2
516,[instance: 5043956c-a09d-4431-8391-452ec5582ee0] Took <*> seconds to <*>,4
517,[instance: d2b9a19d-9956-4155-9d37-288f847bf160] <*>,8
518,[instance: d2b9a19d-9956-4155-9d37-288f847bf160] Total <*> <*> <*> used: 0.00 <*>,2
519,[instance: d2b9a19d-9956-4155-9d37-288f847bf160] Took <*> seconds to <*>,4
520,[instance: 3113fe9b-1a8f-4058-bd3d-20d6dea72bce] <*>,8
521,[instance: 3113fe9b-1a8f-4058-bd3d-20d6dea72bce] Total <*> <*> <*> used: 0.00 <*>,2
522,[instance: 3113fe9b-1a8f-4058-bd3d-20d6dea72bce] Took <*> seconds to <*>,4
523,[instance: a9b135ae-af39-4c74-9413-97481bc5bf1f] <*>,8
524,[instance: a9b135ae-af39-4c74-9413-97481bc5bf1f] Total <*> <*> <*> used: 0.00 <*>,2
525,[instance: a9b135ae-af39-4c74-9413-97481bc5bf1f] Took <*> seconds to <*>,4
526,[instance: 92d87851-9700-47ce-9c7c-5d5bf7e964af] <*>,8
527,[instance: 92d87851-9700-47ce-9c7c-5d5bf7e964af] Total <*> <*> <*> used: 0.00 <*>,2
528,[instance: 92d87851-9700-47ce-9c7c-5d5bf7e964af] Took <*> seconds to <*>,4
529,[instance: 23b5dddf-28d1-40c6-90a7-719b92092fd7] <*>,8
530,[instance: 23b5dddf-28d1-40c6-90a7-719b92092fd7] Total <*> <*> <*> used: 0.00 <*>,2
531,[instance: 23b5dddf-28d1-40c6-90a7-719b92092fd7] Took <*> seconds to <*>,4
532,[instance: f1d7ad04-445d-4973-a194-3526ca488c25] <*>,8
533,[instance: f1d7ad04-445d-4973-a194-3526ca488c25] Total <*> <*> <*> used: 0.00 <*>,2
534,[instance: f1d7ad04-445d-4973-a194-3526ca488c25] Took <*> seconds to <*>,4
535,[instance: 79caef1b-c82f-4bf1-bb48-c83694c65c37] <*>,8
536,[instance: 79caef1b-c82f-4bf1-bb48-c83694c65c37] Total <*> <*> <*> used: 0.00 <*>,2
537,[instance: 79caef1b-c82f-4bf1-bb48-c83694c65c37] Took <*> seconds to <*>,4
538,[instance: c20cd3d4-8761-4424-a780-4be1baa40253] <*>,8
539,[instance: c20cd3d4-8761-4424-a780-4be1baa40253] Total <*> <*> <*> used: 0.00 <*>,2
540,[instance: c20cd3d4-8761-4424-a780-4be1baa40253] Took <*> seconds to <*>,4
541,[instance: a6120e7c-91ef-4124-8117-11945990ff6a] <*>,8
542,[instance: a6120e7c-91ef-4124-8117-11945990ff6a] Total <*> <*> <*> used: 0.00 <*>,2
543,[instance: a6120e7c-91ef-4124-8117-11945990ff6a] Took <*> seconds to <*>,4
544,[instance: 9ee57ca0-09b9-4f2b-91d2-37ec9663e0a6] <*>,8
545,[instance: 9ee57ca0-09b9-4f2b-91d2-37ec9663e0a6] Total <*> <*> <*> used: 0.00 <*>,2
546,[instance: 9ee57ca0-09b9-4f2b-91d2-37ec9663e0a6] Took <*> seconds to <*>,4
547,[instance: 71e8341c-c336-46a3-a49b-589a1b627742] <*>,8
548,[instance: 71e8341c-c336-46a3-a49b-589a1b627742] Total <*> <*> <*> used: 0.00 <*>,2
549,[instance: 71e8341c-c336-46a3-a49b-589a1b627742] Took <*> seconds to <*>,4
550,[instance: 58b65234-5291-4d14-bc4c-e248ff1eeeee] <*>,8
551,[instance: 58b65234-5291-4d14-bc4c-e248ff1eeeee] Total <*> <*> <*> used: 0.00 <*>,2
552,[instance: 58b65234-5291-4d14-bc4c-e248ff1eeeee] Took <*> seconds to <*>,4
553,[instance: 3fd97be2-62fc-4fb7-86d7-fc48c0c7fdd7] <*>,8
554,[instance: 3fd97be2-62fc-4fb7-86d7-fc48c0c7fdd7] Total <*> <*> <*> used: 0.00 <*>,2
555,[instance: 3fd97be2-62fc-4fb7-86d7-fc48c0c7fdd7] Took <*> seconds to <*>,4
556,[instance: 4fc4916d-bb92-4df6-b89a-92a4dc29766f] <*>,8
557,[instance: 4fc4916d-bb92-4df6-b89a-92a4dc29766f] Total <*> <*> <*> used: 0.00 <*>,2
558,[instance: 4fc4916d-bb92-4df6-b89a-92a4dc29766f] Took <*> seconds to <*>,4
559,[instance: a445709b-6ad0-40ec-8860-bec60b6ca0c2] <*>,8
560,[instance: a445709b-6ad0-40ec-8860-bec60b6ca0c2] Total <*> <*> <*> used: 0.00 <*>,2
561,[instance: a445709b-6ad0-40ec-8860-bec60b6ca0c2] Took <*> seconds to <*>,4
562,[instance: 6bdd55a4-bfe0-45b8-86c2-3af3e994e240] <*>,8
563,[instance: 6bdd55a4-bfe0-45b8-86c2-3af3e994e240] Total <*> <*> <*> used: 0.00 <*>,2
564,[instance: 6bdd55a4-bfe0-45b8-86c2-3af3e994e240] Took <*> seconds to <*>,4
565,[instance: d7d68893-c44f-4e7c-8d4b-0e7801d62776] <*>,8
566,[instance: d7d68893-c44f-4e7c-8d4b-0e7801d62776] Total <*> <*> <*> used: 0.00 <*>,2
567,[instance: d7d68893-c44f-4e7c-8d4b-0e7801d62776] Took <*> seconds to <*>,4
568,[instance: 9f9aa39d-178d-4d17-9d1a-9632f2f33055] <*>,8
569,[instance: 9f9aa39d-178d-4d17-9d1a-9632f2f33055] Total <*> <*> <*> used: 0.00 <*>,2
570,[instance: 9f9aa39d-178d-4d17-9d1a-9632f2f33055] Took <*> seconds to <*>,4
571,[instance: b8eb50cb-28a7-4817-b5ec-33ea6c2ee36b] <*>,8
572,[instance: b8eb50cb-28a7-4817-b5ec-33ea6c2ee36b] Total <*> <*> <*> used: 0.00 <*>,2
573,[instance: b8eb50cb-28a7-4817-b5ec-33ea6c2ee36b] Took <*> seconds to <*>,4
574,[instance: 1643649d-2f42-4303-bfcd-7798baec19f9] <*>,8
575,[instance: 1643649d-2f42-4303-bfcd-7798baec19f9] Total <*> <*> <*> used: 0.00 <*>,2
576,[instance: 1643649d-2f42-4303-bfcd-7798baec19f9] Took <*> seconds to <*>,4
577,[instance: b8832d33-313f-449f-beb6-cf80fa18a5dd] <*>,8
578,[instance: b8832d33-313f-449f-beb6-cf80fa18a5dd] Total <*> <*> <*> used: 0.00 <*>,2
579,[instance: b8832d33-313f-449f-beb6-cf80fa18a5dd] Took <*> seconds to <*>,4
580,[instance: 06bcdfd1-249b-46bb-9d5c-fb1553e4e341] <*>,8
581,[instance: 06bcdfd1-249b-46bb-9d5c-fb1553e4e341] Total <*> <*> <*> used: 0.00 <*>,2
582,[instance: 06bcdfd1-249b-46bb-9d5c-fb1553e4e341] Took <*> seconds to <*>,4
583,[instance: 1f83d124-675a-446d-9609-5f7d6ec300ff] <*>,8
584,[instance: 1f83d124-675a-446d-9609-5f7d6ec300ff] Total <*> <*> <*> used: 0.00 <*>,2
585,[instance: 1f83d124-675a-446d-9609-5f7d6ec300ff] Took <*> seconds to <*>,4
586,[instance: a197efb3-cace-4e4f-9037-d565a8331e45] <*>,8
587,[instance: a197efb3-cace-4e4f-9037-d565a8331e45] Total <*> <*> <*> used: 0.00 <*>,2
588,[instance: a197efb3-cace-4e4f-9037-d565a8331e45] Took <*> seconds to <*>,4
589,[instance: faa8166b-cfbd-4b24-a694-1179d0b04302] <*>,8
590,[instance: faa8166b-cfbd-4b24-a694-1179d0b04302] Total <*> <*> <*> used: 0.00 <*>,2
591,[instance: faa8166b-cfbd-4b24-a694-1179d0b04302] Took <*> seconds to <*>,4
592,[instance: bd41cb5b-551a-4276-9d71-568a8f7b12f6] <*>,8
593,[instance: bd41cb5b-551a-4276-9d71-568a8f7b12f6] Total <*> <*> <*> used: 0.00 <*>,2
594,[instance: bd41cb5b-551a-4276-9d71-568a8f7b12f6] Took <*> seconds to <*>,4
595,[instance: 0c2af071-4e7b-49f0-925d-fa7ae30a9eb3] <*>,8
596,[instance: 0c2af071-4e7b-49f0-925d-fa7ae30a9eb3] Total <*> <*> <*> used: 0.00 <*>,2
597,[instance: 0c2af071-4e7b-49f0-925d-fa7ae30a9eb3] Took <*> seconds to <*>,4
598,[instance: e3607331-6b83-4b6c-b406-a3cc471cc461] <*>,8
599,[instance: e3607331-6b83-4b6c-b406-a3cc471cc461] Total <*> <*> <*> used: 0.00 <*>,2
600,[instance: e3607331-6b83-4b6c-b406-a3cc471cc461] Took <*> seconds to <*>,4
601,[instance: 3881671d-6ee9-4acd-8954-06364dd1f645] <*>,8
602,[instance: 3881671d-6ee9-4acd-8954-06364dd1f645] Total <*> <*> <*> used: 0.00 <*>,2
603,[instance: 3881671d-6ee9-4acd-8954-06364dd1f645] Took <*> seconds to <*>,4
604,[instance: 1d511f3d-c5af-4d13-a48a-ce0d56c1cbbc] <*>,8
605,[instance: 1d511f3d-c5af-4d13-a48a-ce0d56c1cbbc] Total <*> <*> <*> used: 0.00 <*>,2
606,[instance: 1d511f3d-c5af-4d13-a48a-ce0d56c1cbbc] Took <*> seconds to <*>,4
607,[instance: a1bd5ca3-5be7-49aa-baea-066d58fd97ac] <*>,8
608,[instance: a1bd5ca3-5be7-49aa-baea-066d58fd97ac] Total <*> <*> <*> used: 0.00 <*>,2
609,[instance: a1bd5ca3-5be7-49aa-baea-066d58fd97ac] Took <*> seconds to <*>,4
610,[instance: a4942a03-b710-4ad0-89a1-ad0596a72eb7] <*>,8
611,[instance: a4942a03-b710-4ad0-89a1-ad0596a72eb7] Total <*> <*> <*> used: 0.00 <*>,2
612,[instance: a4942a03-b710-4ad0-89a1-ad0596a72eb7] Took <*> seconds to <*>,4
613,[instance: 5b98ace2-4126-46c3-a43e-1e1d879f0a8f] <*>,4
614,[instance: 5b98ace2-4126-46c3-a43e-1e1d879f0a8f] Total <*> <*> <*> used: 0.00 <*>,2
615,[instance: 5b98ace2-4126-46c3-a43e-1e1d879f0a8f] Took <*> seconds to <*>,2
